name,y,x
000001.jpg,720,960
000002.jpg,220,349
000003.jpg,261,420
000004.jpg,300,468
000005.jpg,251,400
000006.jpg,300,476
000007.jpg,300,474
000008.jpg,300,469
000009.jpg,300,462
000010.jpg,1080,1440
000011.jpg,218,349
000012.jpg,300,500
000013.jpg,261,420
000014.jpg,300,468
000015.jpg,300,482
000016.jpg,300,465
000017.jpg,300,468
000018.jpg,300,473
000019.jpg,300,468
000020.jpg,300,422
000021.jpg,1080,1440
000022.jpg,216,324
000023.jpg,300,480
000024.jpg,300,467
000025.jpg,300,466
000026.jpg,300,476
000027.jpg,300,400
000028.jpg,300,429
000029.jpg,300,459
000030.jpg,509,680
000032.jpg,300,471
000033.jpg,300,476
000034.jpg,300,468
000035.jpg,300,471
000036.jpg,300,468
000037.jpg,236,379
000038.jpg,300,468
000039.jpg,960,1280
000040.jpg,720,960
000041.jpg,300,474
000042.jpg,323,528
000043.jpg,300,400
000044.jpg,452,627
000045.jpg,317,500
000046.jpg,240,361
000047.jpg,151,240
000048.jpg,331,500
000049.jpg,188,300
000050.jpg,205,326
000051.jpg,316,500
000052.jpg,233,377
000053.jpg,220,349
000054.jpg,316,500
000055.jpg,226,372
000056.jpg,318,500
000057.jpg,221,350
000058.jpg,282,450
000059.jpg,300,480
000060.jpg,220,351
000061.jpg,333,500
000062.jpg,174,276
000063.jpg,372,500
000064.jpg,158,248
000065.jpg,220,293
000066.jpg,316,500
000067.jpg,189,300
000068.jpg,203,317
000069.jpg,326,500
000070.jpg,220,293
000071.jpg,192,300
000072.jpg,317,500
000073.jpg,317,500
000074.jpg,320,500
000075.jpg,277,440
000076.jpg,333,500
000078.jpg,321,500
000079.jpg,202,322
000080.jpg,282,500
000081.jpg,356,500
000082.jpg,220,335
000083.jpg,313,500
000084.jpg,252,400
000085.jpg,240,372
000086.jpg,317,490
000087.jpg,318,500
000088.jpg,276,440
000089.jpg,283,450
000090.jpg,323,500
000091.jpg,318,500
000092.jpg,316,500
000093.jpg,220,391
000094.jpg,239,362
000096.jpg,252,400
000097.jpg,316,500
000098.jpg,300,469
000099.jpg,317,500
000100.jpg,220,330
000101.jpg,316,500
000102.jpg,326,500
000103.jpg,316,500
000104.jpg,316,500
000105.jpg,316,500
000106.jpg,246,391
000107.jpg,312,500
000108.jpg,300,400
000109.jpg,158,249
000110.jpg,314,500
000111.jpg,315,500
000112.jpg,332,500
000113.jpg,227,360
000114.jpg,285,452
000115.jpg,236,377
000116.jpg,314,380
000117.jpg,327,500
000118.jpg,237,371
000119.jpg,312,492
000120.jpg,318,500
000121.jpg,239,398
000122.jpg,316,500
000123.jpg,300,479
000124.jpg,300,500
000125.jpg,251,401
000126.jpg,305,479
000127.jpg,300,475
000128.jpg,292,464
000129.jpg,324,500
000130.jpg,327,500
000131.jpg,304,500
000132.jpg,282,457
000133.jpg,251,400
000134.jpg,286,424
000135.jpg,375,500
000136.jpg,323,500
000137.jpg,320,500
000138.jpg,319,500
000139.jpg,270,435
000140.jpg,316,500
000141.jpg,314,500
000142.jpg,321,500
000143.jpg,210,331
000144.jpg,318,500
000145.jpg,282,450
000146.jpg,256,407
000147.jpg,255,400
000148.jpg,315,500
000149.jpg,204,321
000150.jpg,320,500
000151.jpg,300,531
000152.jpg,316,500
000153.jpg,312,500
000154.jpg,220,293
000155.jpg,300,400
000156.jpg,321,500
000157.jpg,314,500
000158.jpg,256,406
000159.jpg,375,500
000160.jpg,314,500
000161.jpg,275,444
000162.jpg,316,500
000163.jpg,311,497
000164.jpg,214,352
000165.jpg,315,500
000166.jpg,317,500
000167.jpg,191,600
000168.jpg,271,424
000169.jpg,293,451
000170.jpg,316,500
000171.jpg,273,435
000172.jpg,324,500
000173.jpg,211,326
000174.jpg,318,500
000175.jpg,254,400
000176.jpg,280,446
000177.jpg,300,400
000178.jpg,240,380
000179.jpg,300,500
000180.jpg,300,500
000181.jpg,315,500
000182.jpg,248,379
000183.jpg,320,500
000184.jpg,346,513
000185.jpg,205,319
000186.jpg,292,464
000187.jpg,225,373
000188.jpg,221,355
000189.jpg,254,401
000190.jpg,220,348
000191.jpg,316,500
000192.jpg,325,500
000193.jpg,260,407
000194.jpg,319,500
000195.jpg,316,500
000196.jpg,259,405
000197.jpg,315,500
000198.jpg,315,500
000199.jpg,316,500
000200.jpg,317,500
000201.jpg,316,500
000202.jpg,315,500
000203.jpg,298,477
000204.jpg,308,490
000205.jpg,239,378
000206.jpg,195,300
000207.jpg,180,290
000208.jpg,220,322
000209.jpg,300,476
000210.jpg,283,447
000211.jpg,314,500
000212.jpg,320,500
000213.jpg,319,500
000214.jpg,350,500
000215.jpg,323,500
000216.jpg,333,500
000217.jpg,182,289
000218.jpg,316,500
000219.jpg,220,351
000220.jpg,300,500
000221.jpg,315,500
000222.jpg,321,500
000223.jpg,312,500
000224.jpg,191,300
000225.jpg,313,500
000226.jpg,316,500
000227.jpg,196,282
000228.jpg,204,310
000229.jpg,225,360
000230.jpg,315,500
000231.jpg,265,400
000232.jpg,315,500
000233.jpg,264,417
000234.jpg,320,493
000235.jpg,279,448
000236.jpg,321,500
000237.jpg,319,500
000238.jpg,314,500
000239.jpg,312,500
000240.jpg,220,350
000241.jpg,267,415
000242.jpg,316,500
000243.jpg,284,443
000244.jpg,235,378
000245.jpg,218,340
000246.jpg,240,364
000247.jpg,254,401
000248.jpg,300,476
000249.jpg,315,500
000250.jpg,341,500
000251.jpg,279,440
000252.jpg,315,500
000253.jpg,316,500
000254.jpg,320,500
000255.jpg,283,450
000256.jpg,301,500
000257.jpg,263,418
000258.jpg,253,400
000259.jpg,220,350
000260.jpg,313,500
000261.jpg,314,500
000263.jpg,315,500
000264.jpg,314,500
000265.jpg,316,500
000266.jpg,288,450
000267.jpg,320,500
000269.jpg,315,500
000270.jpg,319,500
000271.jpg,318,500
000272.jpg,220,340
000273.jpg,220,350
000274.jpg,173,274
000275.jpg,301,470
000276.jpg,316,500
000277.jpg,320,500
000278.jpg,258,400
000279.jpg,330,500
000280.jpg,236,374
000281.jpg,316,500
000282.jpg,321,500
000283.jpg,202,322
000284.jpg,320,500
000285.jpg,320,500
000286.jpg,329,500
000287.jpg,315,500
000288.jpg,240,380
000289.jpg,264,417
000290.jpg,203,321
000291.jpg,177,280
000292.jpg,315,500
000293.jpg,251,400
000294.jpg,314,500
000295.jpg,316,500
000296.jpg,260,420
000297.jpg,189,300
000298.jpg,316,500
000299.jpg,261,411
000300.jpg,340,450
000301.jpg,219,344
000302.jpg,220,350
000303.jpg,333,500
000304.jpg,314,500
000305.jpg,284,500
000306.jpg,306,500
000307.jpg,299,474
000308.jpg,200,320
000309.jpg,204,321
000310.jpg,315,500
000311.jpg,316,500
000312.jpg,315,500
000313.jpg,337,500
000314.jpg,220,350
000315.jpg,317,500
000316.jpg,203,321
000317.jpg,316,500
000318.jpg,320,500
000319.jpg,300,478
000320.jpg,314,500
000321.jpg,332,500
000322.jpg,227,360
000323.jpg,267,430
000324.jpg,315,500
000325.jpg,253,400
000326.jpg,314,500
000327.jpg,313,500
000328.jpg,236,377
000329.jpg,242,382
000330.jpg,300,500
000331.jpg,310,500
000332.jpg,458,729
000333.jpg,292,450
000334.jpg,251,400
000335.jpg,273,435
000336.jpg,289,415
000337.jpg,307,491
000338.jpg,320,500
000339.jpg,316,500
000340.jpg,316,500
000341.jpg,315,500
000342.jpg,320,500
000343.jpg,315,500
000344.jpg,220,355
000345.jpg,220,350
000346.jpg,166,263
000347.jpg,316,500
000348.jpg,315,500
000349.jpg,306,491
000350.jpg,314,500
000351.jpg,316,500
000352.jpg,285,452
000353.jpg,241,384
000354.jpg,313,500
000355.jpg,223,349
000356.jpg,403,640
000357.jpg,311,497
000358.jpg,321,500
000359.jpg,316,500
000360.jpg,340,500
000361.jpg,202,315
000362.jpg,320,500
000363.jpg,220,350
000364.jpg,310,500
000365.jpg,300,460
000367.jpg,226,355
000368.jpg,238,374
000369.jpg,320,500
000370.jpg,316,500
000371.jpg,367,500
000372.jpg,317,500
000373.jpg,248,388
000374.jpg,209,327
000375.jpg,225,373
000376.jpg,282,500
000377.jpg,300,475
000378.jpg,375,500
000379.jpg,314,500
000380.jpg,319,500
000381.jpg,314,500
000382.jpg,306,484
000383.jpg,209,333
000384.jpg,391,625
000385.jpg,240,380
000386.jpg,333,500
000387.jpg,220,350
000388.jpg,220,372
000389.jpg,398,600
000390.jpg,220,348
000391.jpg,1367,2367
000392.jpg,316,500
000393.jpg,380,500
000394.jpg,251,400
000395.jpg,477,670
000396.jpg,342,546
000397.jpg,269,437
000398.jpg,436,587
000399.jpg,769,1024
000400.jpg,311,495
000402.jpg,300,467
000403.jpg,300,474
000404.jpg,516,768
000405.jpg,609,1024
000407.jpg,309,473
000408.jpg,480,640
000409.jpg,413,640
000410.jpg,315,500
000411.jpg,317,500
000412.jpg,306,500
000413.jpg,391,600
000414.jpg,302,500
000415.jpg,207,328
000416.jpg,288,460
000417.jpg,335,500
000418.jpg,220,350
000419.jpg,218,345
000420.jpg,284,450
000421.jpg,361,570
000422.jpg,319,500
000423.jpg,1261,2177
000424.jpg,300,621
000425.jpg,679,1048
000426.jpg,333,500
000427.jpg,316,500
000428.jpg,312,463
000429.jpg,312,463
000430.jpg,688,1024
000431.jpg,315,500
000432.jpg,372,500
000433.jpg,251,400
000434.jpg,1305,2278
000435.jpg,409,640
000438.jpg,189,300
000439.jpg,250,391
000440.jpg,309,500
000441.jpg,309,500
000442.jpg,822,1200
000443.jpg,236,315
000444.jpg,300,500
000445.jpg,269,400
000446.jpg,418,681
000447.jpg,260,494
000448.jpg,300,456
000449.jpg,320,500
000450.jpg,467,743
000451.jpg,240,396
000452.jpg,1305,2278
000453.jpg,220,325
000454.jpg,609,999
000455.jpg,567,899
000456.jpg,447,600
000457.jpg,300,450
000458.jpg,300,450
000459.jpg,329,519
000460.jpg,378,574
000461.jpg,375,500
000462.jpg,317,500
000464.jpg,252,400
000465.jpg,424,635
000466.jpg,333,500
000467.jpg,404,640
000468.jpg,960,1280
000469.jpg,369,568
000470.jpg,297,450
000471.jpg,315,500
000472.jpg,275,406
000473.jpg,253,373
000475.jpg,300,500
000476.jpg,410,640
000477.jpg,242,382
000478.jpg,232,310
000479.jpg,223,355
000480.jpg,277,450
000481.jpg,220,338
000482.jpg,224,350
000483.jpg,316,500
000484.jpg,258,400
000485.jpg,224,354
000486.jpg,348,539
000487.jpg,220,354
000488.jpg,315,500
000489.jpg,351,628
000490.jpg,351,520
000491.jpg,190,300
000492.jpg,247,393
000493.jpg,297,450
000494.jpg,300,521
000495.jpg,410,640
000496.jpg,315,500
000497.jpg,720,960
000498.jpg,480,640
000499.jpg,300,504
000500.jpg,346,532
000501.jpg,347,549
000502.jpg,213,321
000504.jpg,674,1024
000505.jpg,673,1051
000506.jpg,258,400
000507.jpg,348,592
000508.jpg,530,821
000509.jpg,360,546
000510.jpg,405,640
000511.jpg,502,800
000512.jpg,220,293
000513.jpg,405,640
000514.jpg,488,752
000515.jpg,318,500
000516.jpg,319,507
000517.jpg,405,640
000519.jpg,220,350
000520.jpg,220,372
000521.jpg,398,600
000522.jpg,220,348
000523.jpg,1367,2367
000524.jpg,301,491
000525.jpg,316,500
000526.jpg,380,500
000527.jpg,251,400
000528.jpg,477,670
000529.jpg,269,437
000530.jpg,769,1024
000531.jpg,311,495
000532.jpg,300,467
000533.jpg,300,474
000534.jpg,364,560
000535.jpg,309,473
000536.jpg,318,500
000537.jpg,726,1152
000538.jpg,413,640
000539.jpg,315,500
000540.jpg,317,500
000541.jpg,306,500
000542.jpg,391,600
000543.jpg,302,500
000544.jpg,207,328
000545.jpg,288,460
000546.jpg,335,500
000548.jpg,220,350
000549.jpg,218,345
000550.jpg,284,450
000551.jpg,361,570
000552.jpg,319,500
000553.jpg,1261,2177
000554.jpg,301,500
000555.jpg,300,621
000556.jpg,338,450
000557.jpg,338,450
000558.jpg,679,1048
000559.jpg,333,500
000560.jpg,316,500
000561.jpg,312,463
000562.jpg,312,463
000563.jpg,315,500
000564.jpg,372,500
000565.jpg,251,400
000566.jpg,1305,2278
000567.jpg,409,640
000570.jpg,189,300
000571.jpg,250,391
000572.jpg,309,500
000573.jpg,309,500
000574.jpg,822,1200
000575.jpg,480,640
000576.jpg,220,310
000578.jpg,236,315
000579.jpg,300,500
000580.jpg,600,800
000581.jpg,269,400
000582.jpg,418,681
000583.jpg,260,494
000584.jpg,300,456
000586.jpg,320,500
000587.jpg,467,743
000588.jpg,240,396
000589.jpg,1305,2278
000590.jpg,335,499
000591.jpg,220,325
000592.jpg,567,899
000593.jpg,447,600
000594.jpg,300,450
000595.jpg,300,450
000596.jpg,329,519
000597.jpg,378,574
000598.jpg,375,500
000599.jpg,317,500
000600.jpg,374,500
000601.jpg,252,400
000602.jpg,581,1032
000603.jpg,374,666
000604.jpg,382,599
000605.jpg,404,640
000606.jpg,960,1280
000607.jpg,297,450
000608.jpg,315,500
000609.jpg,358,569
000610.jpg,253,373
000611.jpg,345,555
000612.jpg,484,648
000613.jpg,300,500
000614.jpg,410,640
000615.jpg,242,382
000616.jpg,232,310
000617.jpg,223,355
000618.jpg,277,450
000619.jpg,220,338
000620.jpg,224,350
000621.jpg,312,500
000622.jpg,316,500
000623.jpg,258,400
000624.jpg,224,354
000625.jpg,348,539
000626.jpg,220,354
000627.jpg,315,500
000628.jpg,351,628
000629.jpg,351,520
000630.jpg,287,450
000631.jpg,190,300
000632.jpg,720,960
000633.jpg,297,450
000634.jpg,300,521
000635.jpg,410,640
000636.jpg,315,500
000637.jpg,720,960
000638.jpg,480,640
000639.jpg,300,504
000640.jpg,346,532
000641.jpg,347,549
000642.jpg,213,321
000643.jpg,404,640
000644.jpg,673,1051
000645.jpg,258,400
000646.jpg,300,508
000647.jpg,348,592
000648.jpg,360,546
000649.jpg,405,640
000650.jpg,502,800
000651.jpg,220,293
000652.jpg,405,640
000653.jpg,318,500
000654.jpg,319,507
000655.jpg,405,640
000656.jpg,300,400
000657.jpg,312,500
000658.jpg,269,400
000659.jpg,371,500
000660.jpg,313,500
000661.jpg,300,484
000663.jpg,316,500
000664.jpg,246,385
000666.jpg,340,528
000667.jpg,259,415
000668.jpg,528,898
000669.jpg,189,300
000670.jpg,615,900
000671.jpg,278,443
000672.jpg,375,600
000673.jpg,205,319
000674.jpg,410,651
000675.jpg,346,554
000676.jpg,371,600
000677.jpg,202,321
000679.jpg,249,423
000680.jpg,315,500
000682.jpg,395,700
000683.jpg,202,321
000684.jpg,300,480
000685.jpg,319,500
000686.jpg,206,318
000688.jpg,199,329
000690.jpg,516,827
000692.jpg,332,500
000693.jpg,200,327
000695.jpg,220,342
000696.jpg,314,500
000697.jpg,264,415
000700.jpg,600,800
000701.jpg,221,295
000702.jpg,221,295
000703.jpg,266,425
000704.jpg,233,279
000706.jpg,320,528
000708.jpg,662,1052
000709.jpg,220,361
000710.jpg,221,295
000712.jpg,340,486
000713.jpg,222,349
000714.jpg,201,320
000715.jpg,664,1054
000716.jpg,240,396
000718.jpg,207,314
000719.jpg,304,480
000720.jpg,191,300
000721.jpg,406,640
000722.jpg,709,1080
000724.jpg,333,500
000725.jpg,410,640
000726.jpg,573,1003
000728.jpg,539,913
000729.jpg,202,323
000731.jpg,344,546
000732.jpg,420,650
000734.jpg,269,400
000735.jpg,173,277
000736.jpg,333,500
000737.jpg,348,539
000738.jpg,237,376
000739.jpg,362,598
000740.jpg,189,300
000741.jpg,673,1051
000742.jpg,531,843
000743.jpg,531,843
000744.jpg,188,300
000745.jpg,280,444
000746.jpg,280,444
000747.jpg,280,444
000748.jpg,280,444
000749.jpg,281,442
000750.jpg,280,444
000751.jpg,280,444
000752.jpg,280,444
000753.jpg,280,444
000754.jpg,280,444
000755.jpg,281,442
000756.jpg,281,442
000757.jpg,281,442
000758.jpg,281,442
000759.jpg,281,442
000760.jpg,281,442
000761.jpg,281,442
000762.jpg,280,444
000763.jpg,280,444
000764.jpg,280,444
000765.jpg,300,480
000767.jpg,420,650
000768.jpg,257,400
000769.jpg,315,500
000770.jpg,290,450
000771.jpg,290,450
000772.jpg,322,500
000773.jpg,290,450
000774.jpg,520,806
000775.jpg,130,207
000777.jpg,273,435
000778.jpg,280,444
000779.jpg,340,550
000780.jpg,316,500
000781.jpg,319,500
000782.jpg,352,541
000783.jpg,300,480
000784.jpg,449,600
000785.jpg,202,324
000786.jpg,241,384
000787.jpg,450,635
000789.jpg,182,265
000790.jpg,303,482
000792.jpg,337,490
000793.jpg,205,317
000794.jpg,250,400
000795.jpg,247,391
000796.jpg,344,500
000797.jpg,385,597
000798.jpg,201,320
000800.jpg,202,322
000802.jpg,315,500
000804.jpg,540,849
000805.jpg,562,750
000806.jpg,208,312
000807.jpg,162,250
000808.jpg,207,314
000809.jpg,643,1016
000810.jpg,197,330
000811.jpg,220,350
000812.jpg,220,350
000813.jpg,234,369
000814.jpg,315,500
000815.jpg,424,693
000816.jpg,285,450
000817.jpg,202,321
000820.jpg,449,692
000821.jpg,220,346
000822.jpg,407,660
000823.jpg,221,295
000824.jpg,171,282
000825.jpg,235,370
000827.jpg,216,352
000828.jpg,177,280
000829.jpg,190,300
000830.jpg,296,463
000831.jpg,326,460
000832.jpg,284,450
000833.jpg,203,322
000834.jpg,220,342
000835.jpg,284,450
000836.jpg,244,396
000838.jpg,575,906
000839.jpg,147,234
000840.jpg,147,234
000841.jpg,147,234
000842.jpg,203,322
000843.jpg,202,321
000844.jpg,201,321
000845.jpg,201,321
000847.jpg,147,234
000848.jpg,204,319
000849.jpg,318,500
000850.jpg,301,477
000851.jpg,204,319
000852.jpg,293,463
000853.jpg,404,640
000854.jpg,192,300
000855.jpg,185,291
000856.jpg,315,500
000857.jpg,220,350
000858.jpg,280,448
000859.jpg,221,295
000860.jpg,522,742
000861.jpg,208,313
000862.jpg,260,420
000863.jpg,404,640
000864.jpg,327,508
000865.jpg,656,1039
000866.jpg,189,300
000867.jpg,246,390
000868.jpg,202,323
000869.jpg,221,295
000871.jpg,206,316
000873.jpg,174,277
000874.jpg,171,282
000876.jpg,572,970
000878.jpg,203,322
000879.jpg,300,480
000881.jpg,443,637
000882.jpg,252,400
000883.jpg,270,357
000884.jpg,373,600
000885.jpg,283,399
000886.jpg,638,1011
000888.jpg,199,328
000889.jpg,204,320
000891.jpg,221,295
000892.jpg,391,578
000894.jpg,215,302
000895.jpg,320,528
000896.jpg,160,254
000897.jpg,395,700
000898.jpg,211,309
000900.jpg,221,295
000901.jpg,269,500
000902.jpg,202,324
000904.jpg,192,341
000905.jpg,449,800
000906.jpg,377,570
000907.jpg,321,510
000908.jpg,203,322
000911.jpg,330,500
000914.jpg,330,500
000915.jpg,180,280
000916.jpg,250,400
000917.jpg,190,300
000918.jpg,301,510
000919.jpg,316,500
000920.jpg,249,330
000922.jpg,300,480
000923.jpg,600,800
000924.jpg,229,360
000925.jpg,312,500
000926.jpg,243,323
000927.jpg,410,651
000928.jpg,189,300
000929.jpg,372,541
000930.jpg,423,675
000931.jpg,423,675
000932.jpg,272,437
000933.jpg,177,280
000934.jpg,342,523
000935.jpg,642,1012
000936.jpg,190,300
000937.jpg,189,300
000938.jpg,403,640
000939.jpg,720,960
000940.jpg,600,800
000941.jpg,600,800
000942.jpg,600,800
000943.jpg,600,800
000944.jpg,600,800
000945.jpg,600,800
000946.jpg,600,800
000947.jpg,600,800
000948.jpg,960,1280
000949.jpg,600,800
000950.jpg,600,800
000951.jpg,220,349
000952.jpg,300,474
000953.jpg,600,800
000954.jpg,720,960
000955.jpg,323,528
000956.jpg,600,800
000957.jpg,600,800
000958.jpg,600,800
000959.jpg,452,627
000960.jpg,600,800
000961.jpg,600,800
000962.jpg,600,800
000963.jpg,600,800
000964.jpg,600,800
000965.jpg,600,800
000966.jpg,261,420
000967.jpg,600,800
000968.jpg,600,800
000969.jpg,600,800
000970.jpg,300,468
000971.jpg,284,450
000972.jpg,600,800
000973.jpg,600,800
000974.jpg,251,400
000975.jpg,600,800
000976.jpg,600,800
000977.jpg,600,800
000978.jpg,300,476
000979.jpg,600,800
000980.jpg,600,800
000981.jpg,300,474
000982.jpg,600,800
000983.jpg,600,800
000984.jpg,600,800
000985.jpg,300,469
000986.jpg,600,800
000987.jpg,600,800
000988.jpg,300,462
000989.jpg,1080,1440
000990.jpg,218,349
000991.jpg,300,500
000992.jpg,261,420
000993.jpg,600,800
000994.jpg,300,468
000995.jpg,300,482
000996.jpg,300,465
000997.jpg,600,800
000998.jpg,600,800
000999.jpg,300,468
001000.jpg,600,800
001001.jpg,600,800
001002.jpg,300,473
001003.jpg,600,800
001004.jpg,600,800
001005.jpg,600,800
001006.jpg,300,468
001007.jpg,600,800
001008.jpg,600,800
001009.jpg,300,422
001010.jpg,600,800
001011.jpg,600,800
001012.jpg,1080,1440
001013.jpg,216,324
001014.jpg,600,800
001015.jpg,600,800
001016.jpg,600,800
001017.jpg,240,381
001018.jpg,600,800
001019.jpg,300,480
001020.jpg,600,800
001021.jpg,600,800
001022.jpg,300,467
001023.jpg,600,800
001024.jpg,600,800
001025.jpg,600,800
001026.jpg,600,800
001028.jpg,300,476
001029.jpg,600,800
001030.jpg,600,800
001031.jpg,600,800
001032.jpg,600,800
001033.jpg,600,800
001034.jpg,600,800
001035.jpg,300,429
001036.jpg,600,800
001038.jpg,484,700
001039.jpg,300,471
001040.jpg,300,476
001041.jpg,300,468
001042.jpg,600,800
001043.jpg,600,800
001044.jpg,300,471
001045.jpg,600,800
001046.jpg,600,800
001047.jpg,600,800
001048.jpg,600,800
001049.jpg,300,468
001050.jpg,236,379
001053.jpg,300,468
001054.jpg,509,680
001055.jpg,600,800
001056.jpg,600,800
001057.jpg,600,800
001058.jpg,600,800
001059.jpg,462,730
001061.jpg,410,640
001062.jpg,219,346
001063.jpg,640,1000
001064.jpg,184,292
001065.jpg,269,400
001066.jpg,674,1024
001068.jpg,420,650
001069.jpg,592,940
001070.jpg,830,1000
001071.jpg,517,690
001072.jpg,212,340
001073.jpg,315,500
001074.jpg,360,500
001075.jpg,416,499
001076.jpg,750,1001
001077.jpg,191,300
001078.jpg,285,450
001079.jpg,672,1050
001080.jpg,405,640
001081.jpg,269,400
001082.jpg,400,640
001083.jpg,400,640
001084.jpg,389,600
001085.jpg,779,1100
001087.jpg,227,350
001088.jpg,227,350
001089.jpg,190,254
001090.jpg,239,319
001091.jpg,338,522
001092.jpg,418,664
001093.jpg,178,280
001094.jpg,177,272
001095.jpg,455,720
001096.jpg,353,550
001097.jpg,639,1011
001098.jpg,152,240
001099.jpg,465,739
001101.jpg,178,283
001102.jpg,179,282
001104.jpg,178,283
001105.jpg,179,281
001107.jpg,161,313
001113.jpg,158,250
001119.jpg,171,294
001121.jpg,178,283
001123.jpg,179,282
001125.jpg,178,283
001126.jpg,178,283
001128.jpg,197,256
001129.jpg,172,294
001131.jpg,178,283
001134.jpg,266,400
001136.jpg,200,320
001137.jpg,235,370
001138.jpg,720,960
001139.jpg,353,562
001140.jpg,800,1000
001141.jpg,473,750
001142.jpg,309,516
001143.jpg,219,357
001144.jpg,657,1048
001145.jpg,641,1034
001146.jpg,190,300
001147.jpg,288,462
001148.jpg,601,892
001149.jpg,392,620
001150.jpg,769,1024
001151.jpg,320,528
001152.jpg,203,323
001153.jpg,262,415
001154.jpg,220,321
001156.jpg,360,546
001157.jpg,220,351
001158.jpg,366,553
001159.jpg,378,574
001161.jpg,352,554
001162.jpg,300,450
001163.jpg,300,471
001164.jpg,972,1296
001165.jpg,314,475
001166.jpg,253,400
001167.jpg,297,469
001168.jpg,382,599
001172.jpg,332,498
001175.jpg,435,580
001176.jpg,220,348
001177.jpg,318,471
001178.jpg,301,510
001179.jpg,361,570
001180.jpg,252,403
001182.jpg,248,379
001183.jpg,201,316
001185.jpg,274,437
001186.jpg,277,440
001187.jpg,337,533
001189.jpg,375,500
001190.jpg,320,500
001192.jpg,249,355
001193.jpg,316,500
001194.jpg,200,320
001195.jpg,185,300
001196.jpg,193,300
001197.jpg,189,300
001198.jpg,190,300
001199.jpg,189,300
001200.jpg,189,300
001201.jpg,192,300
001202.jpg,235,367
001203.jpg,190,300
001204.jpg,190,300
001205.jpg,190,300
001206.jpg,190,300
001207.jpg,188,300
001208.jpg,656,1027
001209.jpg,319,506
001210.jpg,662,1051
001214.jpg,180,279
001215.jpg,177,284
001216.jpg,178,283
001217.jpg,180,280
001220.jpg,178,283
001221.jpg,638,1011
001222.jpg,269,400
001223.jpg,1079,1456
001224.jpg,300,464
001225.jpg,254,450
001226.jpg,375,500
001227.jpg,398,640
001228.jpg,1024,1024
001229.jpg,467,743
001231.jpg,324,500
001232.jpg,316,500
001233.jpg,315,500
001234.jpg,451,690
001235.jpg,460,690
001236.jpg,460,690
001238.jpg,337,600
001239.jpg,284,450
001241.jpg,427,590
001242.jpg,310,500
001244.jpg,1024,1457
1000001.jpg,255,374
1000002.jpg,386,600
1000004.jpg,202,319
1000005.jpg,425,675
1000006.jpg,165,277
1000007.jpg,1200,1600
1000008.jpg,353,587
1000009.jpg,312,492
1000011.jpg,412,640
1000012.jpg,106,170
1000013.jpg,188,300
1000015.jpg,245,372
1000016.jpg,189,300
1000017.jpg,267,445
1000018.jpg,546,866
1000019.jpg,187,300
1000020.jpg,199,323
1000021.jpg,222,400
1000022.jpg,899,1200
1000023.jpg,195,313
1000024.jpg,367,490
1000025.jpg,639,1014
1000026.jpg,190,300
1000028.jpg,113,180
1000029.jpg,899,1200
1000032.jpg,427,676
1000036.jpg,190,300
1000043.jpg,313,500
1000047.jpg,129,205
1000048.jpg,167,259
1000050.jpg,261,420
1000052.jpg,218,345
1000054.jpg,151,240
1000057.jpg,604,929
1000059.jpg,173,272
1000061.jpg,350,500
1000062.jpg,250,400
1000064.jpg,316,500
1000065.jpg,177,284
1000067.jpg,350,500
1000069.jpg,768,1024
1000070.jpg,201,332
1000072.jpg,258,400
1000073.jpg,350,500
1000075.jpg,439,700
1000076.jpg,280,450
1000077.jpg,441,700
1000078.jpg,350,500
1000080.jpg,331,500
1000085.jpg,257,400
1000087.jpg,350,500
1000089.jpg,350,500
1000090.jpg,810,1440
1000092.jpg,350,500
1000093.jpg,320,500
1000094.jpg,429,685
1000095.jpg,106,212
1000098.jpg,350,500
1000099.jpg,240,372
1000100.jpg,220,340
1000103.jpg,636,900
1000104.jpg,386,600
1000106.jpg,316,500
1000108.jpg,254,400
1000111.jpg,308,507
1000112.jpg,320,500
1000113.jpg,809,1280
1000117.jpg,342,549
1000126.jpg,346,554
1000127.jpg,254,450
1000128.jpg,517,690
1000130.jpg,300,400
1000131.jpg,356,500
1000133.jpg,364,488
1000135.jpg,220,350
1000136.jpg,601,892
1000137.jpg,465,784
1000139.jpg,378,600
1000140.jpg,337,600
1000141.jpg,419,600
1000142.jpg,151,242
1000145.jpg,252,400
1000147.jpg,403,640
1000150.jpg,662,1052
1000151.jpg,191,300
1000152.jpg,271,430
1000154.jpg,319,506
1000156.jpg,240,384
1000157.jpg,233,358
1000158.jpg,670,1058
1000159.jpg,403,640
1000162.jpg,194,308
1000163.jpg,284,450
1000165.jpg,437,640
1000167.jpg,571,839
1000168.jpg,423,655
1000169.jpg,158,250
1000170.jpg,415,657
1000171.jpg,252,400
1000172.jpg,1080,1440
1000173.jpg,571,839
1000175.jpg,220,350
1000176.jpg,254,409
1000177.jpg,220,293
1000181.jpg,405,640
1000182.jpg,356,500
1000183.jpg,480,640
1000184.jpg,298,490
1000185.jpg,132,210
1000186.jpg,488,775
1000188.jpg,1920,2560
1000189.jpg,522,700
1000192.jpg,293,490
1000193.jpg,601,892
1000194.jpg,220,293
1000195.jpg,220,293
1000196.jpg,287,450
1000197.jpg,220,293
1000198.jpg,526,702
1000199.jpg,936,1248
1000200.jpg,600,800
1000201.jpg,266,480
1000202.jpg,302,442
1000203.jpg,314,500
1000205.jpg,189,300
1000207.jpg,762,1193
1000208.jpg,303,500
1000209.jpg,155,252
1000210.jpg,220,350
1000211.jpg,510,800
1000213.jpg,197,303
1000216.jpg,319,500
1000221.jpg,311,497
1000224.jpg,270,430
1000226.jpg,358,550
1000227.jpg,443,711
1000228.jpg,150,237
1000230.jpg,326,500
1000231.jpg,240,381
1000232.jpg,436,600
1000233.jpg,260,408
1000234.jpg,225,300
1000235.jpg,96,154
1000237.jpg,315,500
1000238.jpg,749,1164
1000240.jpg,401,640
1000241.jpg,319,500
1000242.jpg,319,500
1000243.jpg,250,400
1000244.jpg,376,582
1000245.jpg,355,564
1000246.jpg,266,420
1000248.jpg,355,564
1000249.jpg,266,420
1000251.jpg,367,490
1000253.jpg,251,400
1000254.jpg,251,400
1000255.jpg,277,450
1000257.jpg,300,400
1000260.jpg,280,444
1000262.jpg,600,800
1000263.jpg,279,443
1000265.jpg,266,410
1000266.jpg,403,640
1000268.jpg,261,400
1000269.jpg,562,1000
1000270.jpg,773,580
1000271.jpg,450,600
1000272.jpg,523,700
1000273.jpg,584,1040
1000274.jpg,316,500
1000275.jpg,321,504
1000276.jpg,224,286
1000278.jpg,207,320
1000279.jpg,584,1040
1000280.jpg,236,315
1000281.jpg,584,1040
1000284.jpg,584,1040
1000285.jpg,584,1040
1000286.jpg,242,405
1000287.jpg,348,592
1000288.jpg,161,252
1000289.jpg,960,1280
1000290.jpg,350,500
1000291.jpg,584,1040
1000292.jpg,584,1040
1000293.jpg,126,200
1000294.jpg,188,300
1000295.jpg,220,293
1000296.jpg,250,400
1000297.jpg,151,240
1000298.jpg,347,600
1000299.jpg,233,346
1000302.jpg,188,300
1000304.jpg,345,540
1000305.jpg,330,517
1000307.jpg,427,700
1000308.jpg,267,500
1000311.jpg,200,250
1000313.jpg,646,1020
1000315.jpg,280,444
1000316.jpg,180,320
1000317.jpg,392,634
1000319.jpg,350,500
1000320.jpg,404,640
1000324.jpg,350,500
1000325.jpg,263,426
1000326.jpg,584,1040
1000327.jpg,378,600
1000328.jpg,584,1040
1000330.jpg,350,500
1000331.jpg,480,640
1000332.jpg,344,538
1000333.jpg,450,600
1000335.jpg,350,500
1000336.jpg,279,443
1000337.jpg,350,500
1000338.jpg,316,500
1000340.jpg,350,500
1000341.jpg,400,600
1000342.jpg,350,500
1000345.jpg,327,526
1000347.jpg,328,528
1000349.jpg,375,500
1000350.jpg,260,399
1000351.jpg,425,674
1000353.jpg,367,600
1000354.jpg,106,170
1000355.jpg,350,500
1000356.jpg,432,656
1000358.jpg,266,400
1000361.jpg,960,1280
1000362.jpg,207,325
1000364.jpg,189,300
1000366.jpg,250,400
1000367.jpg,587,928
1000369.jpg,316,500
1000371.jpg,237,372
1000372.jpg,316,500
1000375.jpg,361,567
1000376.jpg,254,400
1000377.jpg,199,356
1000378.jpg,187,300
1000379.jpg,156,250
1000380.jpg,220,350
1000381.jpg,285,450
1000383.jpg,260,407
1000385.jpg,285,456
1000387.jpg,220,350
1000389.jpg,745,1182
1000390.jpg,441,598
1000391.jpg,807,1280
1000393.jpg,456,720
1000394.jpg,372,589
1000395.jpg,290,460
1000396.jpg,288,389
1000397.jpg,221,350
1000398.jpg,293,458
1000399.jpg,325,509
1000400.jpg,220,350
1000401.jpg,189,300
1000403.jpg,500,767
1000404.jpg,954,1398
1000405.jpg,252,400
1000407.jpg,409,640
1000408.jpg,293,450
1000409.jpg,421,750
1000410.jpg,437,690
1000411.jpg,313,500
1000412.jpg,300,400
1000413.jpg,210,337
1000414.jpg,332,498
1000417.jpg,517,690
1000418.jpg,187,300
1000420.jpg,392,500
1000422.jpg,315,500
1000423.jpg,316,500
1000424.jpg,637,1012
1000425.jpg,323,518
1000426.jpg,348,537
1000427.jpg,525,842
1000428.jpg,331,520
1000429.jpg,380,655
1000430.jpg,270,430
1000431.jpg,186,327
1000432.jpg,188,533
1000434.jpg,1063,2304
1000435.jpg,288,463
1000437.jpg,425,674
1000438.jpg,380,600
1000439.jpg,244,397
1000440.jpg,251,400
1000441.jpg,293,500
1000445.jpg,768,1024
1000446.jpg,216,334
1000447.jpg,726,1114
1000448.jpg,220,293
1000449.jpg,300,400
1000451.jpg,206,300
1000452.jpg,409,640
1000453.jpg,252,403
1000454.jpg,1080,1920
1000455.jpg,379,600
1000456.jpg,500,700
1000457.jpg,250,400
1000458.jpg,403,640
1000460.jpg,587,943
1000461.jpg,403,640
1000463.jpg,292,458
1000466.jpg,189,419
1000467.jpg,296,422
1000468.jpg,313,500
1000469.jpg,312,500
1000470.jpg,162,250
1000472.jpg,302,490
1000473.jpg,189,300
1000474.jpg,159,245
1000475.jpg,674,1200
1000476.jpg,362,538
1000477.jpg,375,591
1000478.jpg,297,480
1000479.jpg,316,500
1000480.jpg,403,600
1000481.jpg,204,342
1000483.jpg,283,485
1000485.jpg,327,500
1000486.jpg,195,300
1000488.jpg,236,351
1000489.jpg,420,650
1000491.jpg,580,919
1000493.jpg,663,1024
1000494.jpg,450,650
1000496.jpg,378,574
1000498.jpg,300,477
1000499.jpg,476,640
1000500.jpg,299,415
1000502.jpg,480,640
1000503.jpg,320,500
1000504.jpg,300,471
1000506.jpg,325,500
1000507.jpg,912,1520
1000508.jpg,360,546
1000511.jpg,204,320
1000512.jpg,177,298
1000514.jpg,220,349
1000515.jpg,232,362
1000517.jpg,305,490
1000522.jpg,352,550
1000523.jpg,220,328
1000524.jpg,106,170
1000525.jpg,158,253
1000526.jpg,394,600
1000527.jpg,140,220
1000528.jpg,220,346
1000529.jpg,248,393
1000532.jpg,254,450
1000533.jpg,233,370
1000535.jpg,190,300
1000536.jpg,120,160
1000537.jpg,126,200
1000538.jpg,104,166
1000539.jpg,106,170
1000540.jpg,672,896
1000541.jpg,106,170
1000542.jpg,106,170
1000544.jpg,402,642
1000545.jpg,200,319
1000547.jpg,299,480
1000548.jpg,284,455
1000549.jpg,664,1053
1000550.jpg,404,640
1000551.jpg,597,800
1000552.jpg,300,400
1000553.jpg,301,480
1000554.jpg,299,480
1000555.jpg,315,500
1000556.jpg,518,690
1000559.jpg,272,447
1000560.jpg,143,226
1000561.jpg,419,700
1000562.jpg,350,560
1000563.jpg,285,455
1000564.jpg,416,640
1000565.jpg,319,600
1000566.jpg,438,662
1000567.jpg,664,1055
1000568.jpg,407,720
1000569.jpg,302,480
1000570.jpg,442,950
1000574.jpg,285,455
1000575.jpg,673,1051
1000577.jpg,1558,2374
1000578.jpg,605,807
1000580.jpg,215,340
1000581.jpg,314,500
1000583.jpg,601,892
1000584.jpg,351,640
1000585.jpg,203,328
1000586.jpg,220,342
1000591.jpg,262,413
1000594.jpg,340,559
1000595.jpg,300,400
1000596.jpg,253,400
1000597.jpg,197,310
1000599.jpg,200,283
1000600.jpg,792,1076
1000601.jpg,190,300
1000602.jpg,220,350
1000603.jpg,347,550
1000604.jpg,289,458
1000606.jpg,627,980
1000608.jpg,335,528
1000609.jpg,256,400
1000610.jpg,673,1051
1000611.jpg,337,600
1000612.jpg,200,320
1000613.jpg,283,450
1000614.jpg,240,300
1000616.jpg,503,800
1000617.jpg,452,671
1000618.jpg,240,300
1000619.jpg,196,342
1000620.jpg,308,490
1000621.jpg,862,1144
1000622.jpg,245,391
1000623.jpg,191,300
1000626.jpg,300,300
1000627.jpg,252,400
1000628.jpg,285,447
1000629.jpg,170,280
1000630.jpg,194,300
1000631.jpg,189,300
1000632.jpg,256,400
1000634.jpg,461,602
1000635.jpg,319,510
1000636.jpg,274,435
1000637.jpg,152,238
1000638.jpg,317,500
1000639.jpg,282,444
1000640.jpg,189,300
1000641.jpg,333,442
1000642.jpg,153,238
1000644.jpg,220,350
1000649.jpg,152,239
1000651.jpg,163,243
1000652.jpg,157,247
1000653.jpg,240,443
1000654.jpg,301,481
1000655.jpg,106,170
1000656.jpg,410,640
1000657.jpg,106,170
1000658.jpg,106,170
1000659.jpg,337,553
1000660.jpg,288,450
1000661.jpg,312,465
1000662.jpg,277,445
1000663.jpg,190,298
1000664.jpg,321,500
1000665.jpg,324,513
1000666.jpg,271,432
1000667.jpg,265,490
1000669.jpg,265,490
1000670.jpg,346,554
1000672.jpg,356,580
1000673.jpg,266,400
1000674.jpg,454,690
1000675.jpg,300,400
1000676.jpg,409,640
1000677.jpg,294,543
1000680.jpg,460,690
1000681.jpg,426,675
1000682.jpg,342,436
1000683.jpg,283,450
1000684.jpg,673,1051
1000685.jpg,126,200
1000686.jpg,673,1051
1000687.jpg,331,531
1000689.jpg,168,235
1000690.jpg,424,700
1000692.jpg,220,350
1000696.jpg,197,298
1000697.jpg,174,374
1000698.jpg,214,327
1000699.jpg,308,375
1000700.jpg,960,1280
1000702.jpg,354,599
1000703.jpg,1920,2560
1000704.jpg,95,150
1000705.jpg,318,505
1000706.jpg,220,350
1000707.jpg,316,495
1000708.jpg,156,250
1000709.jpg,248,389
1000710.jpg,200,300
1000714.jpg,351,520
1000715.jpg,277,444
1000716.jpg,301,500
1000717.jpg,315,500
1000718.jpg,150,234
1000719.jpg,315,500
1000720.jpg,375,500
1000721.jpg,151,242
1000722.jpg,200,314
1000723.jpg,317,520
1000725.jpg,323,427
1000726.jpg,263,400
1000727.jpg,300,400
1000728.jpg,256,400
1000730.jpg,142,234
1000731.jpg,327,437
1000732.jpg,147,234
1000733.jpg,300,400
1000734.jpg,106,170
1000735.jpg,732,1080
1000736.jpg,320,476
1000737.jpg,145,240
1000738.jpg,325,513
1000739.jpg,266,319
1000740.jpg,339,495
1000741.jpg,231,343
1000742.jpg,249,395
1000746.jpg,394,600
1000747.jpg,248,383
1000750.jpg,240,424
1000751.jpg,375,500
1000752.jpg,412,640
1000753.jpg,179,289
1000754.jpg,210,328
1000755.jpg,673,1051
1000756.jpg,208,327
1000757.jpg,213,339
1000758.jpg,220,350
1000759.jpg,412,640
1000760.jpg,253,400
1000761.jpg,171,267
1000763.jpg,220,350
1000764.jpg,125,200
1000765.jpg,193,300
1000766.jpg,332,524
1000767.jpg,265,426
1000768.jpg,267,407
1000770.jpg,644,1010
1000771.jpg,410,640
1000772.jpg,426,632
1000773.jpg,358,550
1000774.jpg,575,901
1000775.jpg,256,400
1000776.jpg,1280,960
1000777.jpg,367,490
1000778.jpg,296,444
1000780.jpg,439,675
1000781.jpg,366,633
1000782.jpg,673,1051
1000786.jpg,417,583
1000788.jpg,466,791
1000789.jpg,307,566
1000791.jpg,283,450
1000792.jpg,201,326
1000793.jpg,682,1080
1000794.jpg,410,640
1000795.jpg,203,321
1000796.jpg,250,400
1000797.jpg,335,532
1000798.jpg,300,480
1000799.jpg,233,369
1000800.jpg,450,600
1000801.jpg,192,307
1000802.jpg,249,394
1000803.jpg,205,330
1000804.jpg,223,350
1000805.jpg,202,300
1000806.jpg,396,600
1000809.jpg,240,378
1000810.jpg,126,200
1000811.jpg,251,400
1000812.jpg,314,500
1000813.jpg,612,816
1000814.jpg,499,750
1000815.jpg,326,500
1000816.jpg,344,500
1000817.jpg,484,740
1000818.jpg,220,350
1000819.jpg,384,600
1000823.jpg,337,450
1000824.jpg,217,322
1000826.jpg,175,240
1000827.jpg,212,333
1000828.jpg,150,200
1000830.jpg,190,300
1000831.jpg,237,393
1000832.jpg,147,234
1000833.jpg,228,362
1000835.jpg,157,250
1000836.jpg,314,500
1000840.jpg,220,338
1000841.jpg,224,351
1000843.jpg,450,600
1000844.jpg,314,500
1000845.jpg,261,415
1000846.jpg,181,260
1000847.jpg,220,347
1000849.jpg,2633,3506
1000850.jpg,350,550
1000851.jpg,444,690
1000852.jpg,395,600
1000854.jpg,561,875
1000856.jpg,268,436
1000857.jpg,237,369
1000858.jpg,256,410
1000859.jpg,454,690
1000860.jpg,350,500
1000861.jpg,255,400
1000862.jpg,350,500
1000863.jpg,600,445
1000864.jpg,1000,1504
1000865.jpg,454,690
1000868.jpg,750,1000
1000869.jpg,308,490
1000870.jpg,517,690
1000871.jpg,316,513
1000872.jpg,288,450
1000873.jpg,768,1024
1000874.jpg,237,375
1000875.jpg,283,450
1000876.jpg,250,400
1000877.jpg,359,538
1000878.jpg,534,800
1000879.jpg,305,490
1000880.jpg,328,528
1000881.jpg,235,369
1000883.jpg,300,480
1000884.jpg,276,425
1000885.jpg,155,248
1000886.jpg,106,170
1000887.jpg,657,1044
1000888.jpg,125,200
1000889.jpg,220,350
1000890.jpg,209,330
1000891.jpg,203,317
1000892.jpg,213,345
1000893.jpg,363,561
1000894.jpg,475,690
1000895.jpg,220,350
1000896.jpg,190,300
1000897.jpg,108,170
1000898.jpg,252,400
1000899.jpg,180,280
1000900.jpg,174,262
1000901.jpg,126,200
1000902.jpg,316,500
1000903.jpg,345,533
1000904.jpg,633,1013
1000905.jpg,220,350
1000906.jpg,357,550
1000908.jpg,317,500
1000909.jpg,339,577
1000910.jpg,317,510
1000911.jpg,250,400
1000912.jpg,300,400
1000914.jpg,220,293
1000915.jpg,147,234
1000916.jpg,563,750
1000917.jpg,281,450
1000918.jpg,140,221
1000919.jpg,304,490
1000920.jpg,328,436
1000922.jpg,79,126
1000924.jpg,281,450
1000927.jpg,312,554
1000928.jpg,309,490
1000929.jpg,310,490
1000930.jpg,601,748
1000931.jpg,189,300
1000932.jpg,427,600
1000933.jpg,165,251
1000934.jpg,151,244
1000935.jpg,150,242
1000936.jpg,432,704
1000937.jpg,283,450
1000938.jpg,296,466
1000939.jpg,250,400
1000940.jpg,442,638
1000941.jpg,400,600
1000942.jpg,655,1024
1000943.jpg,691,1053
1000944.jpg,681,1057
1000945.jpg,702,1080
1000946.jpg,390,600
1000947.jpg,675,1051
1000948.jpg,681,1060
1000949.jpg,286,450
1000950.jpg,687,1075
1000952.jpg,462,693
1000953.jpg,640,1013
1000956.jpg,352,562
1000958.jpg,362,591
1000960.jpg,296,493
1000961.jpg,417,640
1000965.jpg,162,247
1000966.jpg,172,268
1000967.jpg,172,275
1000968.jpg,308,490
1000971.jpg,253,400
1000972.jpg,500,373
1000973.jpg,223,332
1000975.jpg,638,1012
1000976.jpg,287,450
1000978.jpg,251,400
1000981.jpg,169,269
1000982.jpg,300,432
1000983.jpg,205,334
1000985.jpg,227,362
1000988.jpg,302,453
1000989.jpg,300,480
1000990.jpg,480,640
1000992.jpg,158,248
1000993.jpg,152,237
1000994.jpg,226,379
1000995.jpg,126,200
1000996.jpg,240,380
1000997.jpg,339,526
1000999.jpg,143,237
1001000.jpg,450,690
1001002.jpg,149,237
1001004.jpg,220,350
1001006.jpg,126,200
1001007.jpg,204,320
1001009.jpg,260,400
1001010.jpg,234,369
1001011.jpg,167,253
1001012.jpg,218,345
1001013.jpg,126,200
1001014.jpg,315,500
1001016.jpg,284,454
1001018.jpg,302,490
1001021.jpg,418,640
1001022.jpg,185,322
1001024.jpg,638,890
1001025.jpg,187,300
1001027.jpg,720,1280
1001028.jpg,1536,2048
1001029.jpg,344,546
1001030.jpg,405,720
1001032.jpg,517,690
1001035.jpg,194,300
1001040.jpg,601,950
1001041.jpg,265,393
1001043.jpg,288,460
1001044.jpg,247,377
1001045.jpg,631,800
1001048.jpg,453,720
1001049.jpg,377,584
1001053.jpg,269,358
1001054.jpg,440,646
1001055.jpg,375,600
1001056.jpg,582,900
1001058.jpg,300,400
1001060.jpg,250,400
1001061.jpg,374,500
1001063.jpg,267,500
1001066.jpg,424,640
1001068.jpg,267,500
1001069.jpg,295,464
1001070.jpg,912,1520
1001072.jpg,360,546
1001073.jpg,920,1632
1001076.jpg,200,268
